[
  {
    "name": "Europe",
    "code": "Europe",
    "continent": "Europe",
    "isContinent": true
  },
  { "name": "Asia", "code": "Asia", "continent": "Asia", "isContinent": true },
  {
    "name": "North America",
    "code": "North America",
    "continent": "North America",
    "isContinent": true
  },
  {
    "name": "South America",
    "code": "South America",
    "continent": "South America",
    "isContinent": true
  },
  {
    "name": "Africa",
    "code": "Africa",
    "continent": "Africa",
    "isContinent": true
  },
  {
    "name": "Oceania",
    "code": "Oceania",
    "continent": "Oceania",
    "isContinent": true
  },
  { "name": "Aland", "code": "ALD", "continent": "Europe" },
  { "name": "Albania", "code": "ALB", "continent": "Europe" },
  { "name": "Andorra", "code": "AND", "continent": "Europe" },
  { "name": "Antarctica", "code": "ATA", "continent": "Antarctica" },
  { "name": "Austria", "code": "AUT", "continent": "Europe" },
  { "name": "Belarus", "code": "BLR", "continent": "Europe" },
  { "name": "Belgium", "code": "BEL", "continent": "Europe" },
  { "name": "Bosnia and Herzegovina", "code": "BIH", "continent": "Europe" },
  { "name": "Bulgaria", "code": "BGR", "continent": "Europe" },
  { "name": "Croatia", "code": "HRV", "continent": "Europe" },
  { "name": "Czechia", "code": "CZE", "continent": "Europe" },
  { "name": "Denmark", "code": "DNK", "continent": "Europe" },
  { "name": "Estonia", "code": "EST", "continent": "Europe" },
  { "name": "Faroe Islands", "code": "FRO", "continent": "Europe" },
  { "name": "Finland", "code": "FIN", "continent": "Europe" },
  { "name": "France", "code": "FRA", "continent": "Europe" },
  {
    "name": "French Southern and Antarctic Lands",
    "code": "ATF",
    "continent": "Seven seas (open ocean)"
  },
  { "name": "Germany", "code": "DEU", "continent": "Europe" },
  { "name": "Gibraltar", "code": "GIB", "continent": "Europe" },
  { "name": "Greece", "code": "GRC", "continent": "Europe" },
  { "name": "Guernsey", "code": "GGY", "continent": "Europe" },
  { "name": "Hungary", "code": "HUN", "continent": "Europe" },
  { "name": "Iceland", "code": "ISL", "continent": "Europe" },
  { "name": "Ireland", "code": "IRL", "continent": "Europe" },
  { "name": "Isle of Man", "code": "IMN", "continent": "Europe" },
  { "name": "Italy", "code": "ITA", "continent": "Europe" },
  { "name": "Jersey", "code": "JEY", "continent": "Europe" },
  { "name": "Kosovo", "code": "KOS", "continent": "Europe" },
  { "name": "Latvia", "code": "LVA", "continent": "Europe" },
  { "name": "Liechtenstein", "code": "LIE", "continent": "Europe" },
  { "name": "Lithuania", "code": "LTU", "continent": "Europe" },
  { "name": "Luxembourg", "code": "LUX", "continent": "Europe" },
  { "name": "Macedonia", "code": "MKD", "continent": "Europe" },
  { "name": "Malta", "code": "MLT", "continent": "Europe" },
  { "name": "Moldova", "code": "MDA", "continent": "Europe" },
  { "name": "Monaco", "code": "MCO", "continent": "Europe" },
  { "name": "Montenegro", "code": "MNE", "continent": "Europe" },
  { "name": "Netherlands", "code": "NLD", "continent": "Europe" },
  { "name": "Norway", "code": "NOR", "continent": "Europe" },
  { "name": "Poland", "code": "POL", "continent": "Europe" },
  { "name": "Portugal", "code": "PRT", "continent": "Europe" },
  { "name": "Republic of Serbia", "code": "SRB", "continent": "Europe" },
  { "name": "Romania", "code": "ROU", "continent": "Europe" },
  { "name": "Russia", "code": "RUS", "continent": "Europe" },
  { "name": "San Marino", "code": "SMR", "continent": "Europe" },
  { "name": "Slovakia", "code": "SVK", "continent": "Europe" },
  { "name": "Slovenia", "code": "SVN", "continent": "Europe" },
  { "name": "Spain", "code": "ESP", "continent": "Europe" },
  { "name": "Sweden", "code": "SWE", "continent": "Europe" },
  { "name": "Switzerland", "code": "CHE", "continent": "Europe" },
  { "name": "Ukraine", "code": "UKR", "continent": "Europe" },
  { "name": "United Kingdom", "code": "GBR", "continent": "Europe" },
  { "name": "Vatican", "code": "VAT", "continent": "Europe" },
  { "name": "Afghanistan", "code": "AFG", "continent": "Asia" },
  {
    "name": "Akrotiri Sovereign Base Area",
    "code": "WSB",
    "continent": "Asia"
  },
  { "name": "Armenia", "code": "ARM", "continent": "Asia" },
  { "name": "Azerbaijan", "code": "AZE", "continent": "Asia" },
  { "name": "Bahrain", "code": "BHR", "continent": "Asia" },
  { "name": "Bangladesh", "code": "BGD", "continent": "Asia" },
  { "name": "Baykonur Cosmodrome", "code": "KAB", "continent": "Asia" },
  { "name": "Bhutan", "code": "BTN", "continent": "Asia" },
  { "name": "Indian Ocean Territories", "code": "IOA", "continent": "Asia" },
  { "name": "Scarborough Reef", "code": "SCR", "continent": "Asia" },
  { "name": "Singapore", "code": "SGP", "continent": "Asia" },
  { "name": "Anguilla", "code": "AIA", "continent": "North America" },
  {
    "name": "Antigua and Barbuda",
    "code": "ATG",
    "continent": "North America"
  },
  { "name": "Barbados", "code": "BRB", "continent": "North America" },
  { "name": "Bermuda", "code": "BMU", "continent": "North America" },
  { "name": "American Samoa", "code": "ASM", "continent": "Oceania" },
  {
    "name": "British Indian Ocean Territory",
    "code": "IOT",
    "continent": "Seven seas (open ocean)"
  },
  { "name": "Brunei", "code": "BRN", "continent": "Asia" },
  { "name": "Cambodia", "code": "KHM", "continent": "Asia" },
  { "name": "China", "code": "CHN", "continent": "Asia" },
  { "name": "Spratly Islands", "code": "PGA", "continent": "Asia" },
  {
    "name": "British Virgin Islands",
    "code": "VGB",
    "continent": "North America"
  },
  { "name": "Cayman Islands", "code": "CYM", "continent": "North America" },
  {
    "name": "Clipperton Island",
    "code": "CLP",
    "continent": "Seven seas (open ocean)"
  },
  { "name": "Cyprus", "code": "CYP", "continent": "Asia" },
  { "name": "Cyprus No Mans Area", "code": "CNM", "continent": "Asia" },
  {
    "name": "Dhekelia Sovereign Base Area",
    "code": "ESB",
    "continent": "Asia"
  },
  { "name": "East Timor", "code": "TLS", "continent": "Asia" },
  { "name": "Georgia", "code": "GEO", "continent": "Asia" },
  { "name": "Hong Kong S.A.R.", "code": "HKG", "continent": "Asia" },
  { "name": "India", "code": "IND", "continent": "Asia" },
  { "name": "Indonesia", "code": "IDN", "continent": "Asia" },
  { "name": "Iran", "code": "IRN", "continent": "Asia" },
  { "name": "Iraq", "code": "IRQ", "continent": "Asia" },
  { "name": "Israel", "code": "ISR", "continent": "Asia" },
  { "name": "Japan", "code": "JPN", "continent": "Asia" },
  { "name": "Jordan", "code": "JOR", "continent": "Asia" },
  { "name": "Kazakhstan", "code": "KAZ", "continent": "Asia" },
  { "name": "Kuwait", "code": "KWT", "continent": "Asia" },
  { "name": "Kyrgyzstan", "code": "KGZ", "continent": "Asia" },
  { "name": "Laos", "code": "LAO", "continent": "Asia" },
  { "name": "Lebanon", "code": "LBN", "continent": "Asia" },
  { "name": "Macao S.A.R", "code": "MAC", "continent": "Asia" },
  { "name": "Malaysia", "code": "MYS", "continent": "Asia" },
  { "name": "Mongolia", "code": "MNG", "continent": "Asia" },
  { "name": "Myanmar", "code": "MMR", "continent": "Asia" },
  { "name": "Nepal", "code": "NPL", "continent": "Asia" },
  { "name": "North Korea", "code": "PRK", "continent": "Asia" },
  { "name": "Northern Cyprus", "code": "CYN", "continent": "Asia" },
  { "name": "Oman", "code": "OMN", "continent": "Asia" },
  { "name": "Pakistan", "code": "PAK", "continent": "Asia" },
  { "name": "Palestine", "code": "PSX", "continent": "Asia" },
  { "name": "Philippines", "code": "PHL", "continent": "Asia" },
  { "name": "Qatar", "code": "QAT", "continent": "Asia" },
  { "name": "Saudi Arabia", "code": "SAU", "continent": "Asia" },
  { "name": "Siachen Glacier", "code": "KAS", "continent": "Asia" },
  { "name": "South Korea", "code": "KOR", "continent": "Asia" },
  { "name": "Sri Lanka", "code": "LKA", "continent": "Asia" },
  { "name": "Syria", "code": "SYR", "continent": "Asia" },
  { "name": "Taiwan", "code": "TWN", "continent": "Asia" },
  { "name": "Tajikistan", "code": "TJK", "continent": "Asia" },
  { "name": "Thailand", "code": "THA", "continent": "Asia" },
  { "name": "Turkey", "code": "TUR", "continent": "Asia" },
  { "name": "Turkmenistan", "code": "TKM", "continent": "Asia" },
  { "name": "United Arab Emirates", "code": "ARE", "continent": "Asia" },
  { "name": "Uzbekistan", "code": "UZB", "continent": "Asia" },
  { "name": "Vietnam", "code": "VNM", "continent": "Asia" },
  { "name": "Yemen", "code": "YEM", "continent": "Asia" },
  { "name": "Aruba", "code": "ABW", "continent": "North America" },
  {
    "name": "Bajo Nuevo Bank (Petrel Is.)",
    "code": "BJN",
    "continent": "North America"
  },
  { "name": "Belize", "code": "BLZ", "continent": "North America" },
  { "name": "Canada", "code": "CAN", "continent": "North America" },
  { "name": "Costa Rica", "code": "CRI", "continent": "North America" },
  { "name": "Cuba", "code": "CUB", "continent": "North America" },
  { "name": "Curaçao", "code": "CUW", "continent": "North America" },
  { "name": "Dominica", "code": "DMA", "continent": "North America" },
  { "name": "Dominican Republic", "code": "DOM", "continent": "North America" },
  { "name": "El Salvador", "code": "SLV", "continent": "North America" },
  { "name": "Greenland", "code": "GRL", "continent": "North America" },
  { "name": "Grenada", "code": "GRD", "continent": "North America" },
  { "name": "Guatemala", "code": "GTM", "continent": "North America" },
  { "name": "Haiti", "code": "HTI", "continent": "North America" },
  {
    "name": "Heard Island and McDonald Islands",
    "code": "HMD",
    "continent": "Seven seas (open ocean)"
  },
  { "name": "Honduras", "code": "HND", "continent": "North America" },
  { "name": "Jamaica", "code": "JAM", "continent": "North America" },
  { "name": "Guam", "code": "GUM", "continent": "Oceania" },
  { "name": "Maldives", "code": "MDV", "continent": "Seven seas (open ocean)" },
  {
    "name": "Mauritius",
    "code": "MUS",
    "continent": "Seven seas (open ocean)"
  },
  { "name": "Mexico", "code": "MEX", "continent": "North America" },
  { "name": "Montserrat", "code": "MSR", "continent": "North America" },
  { "name": "Nicaragua", "code": "NIC", "continent": "North America" },
  { "name": "Panama", "code": "PAN", "continent": "North America" },
  { "name": "Puerto Rico", "code": "PRI", "continent": "North America" },
  { "name": "Saint Barthelemy", "code": "BLM", "continent": "North America" },
  { "name": "Coral Sea Islands", "code": "CSI", "continent": "Oceania" },
  { "name": "Niue", "code": "NIU", "continent": "Oceania" },
  {
    "name": "Saint Helena",
    "code": "SHN",
    "continent": "Seven seas (open ocean)"
  },
  {
    "name": "Saint Kitts and Nevis",
    "code": "KNA",
    "continent": "North America"
  },
  { "name": "Saint Lucia", "code": "LCA", "continent": "North America" },
  { "name": "Saint Martin", "code": "MAF", "continent": "North America" },
  {
    "name": "Saint Pierre and Miquelon",
    "code": "SPM",
    "continent": "North America"
  },
  {
    "name": "Saint Vincent and the Grenadines",
    "code": "VCT",
    "continent": "North America"
  },
  { "name": "Serranilla Bank", "code": "SER", "continent": "North America" },
  { "name": "Sint Maarten", "code": "SXM", "continent": "North America" },
  { "name": "The Bahamas", "code": "BHS", "continent": "North America" },
  {
    "name": "Trinidad and Tobago",
    "code": "TTO",
    "continent": "North America"
  },
  {
    "name": "Turks and Caicos Islands",
    "code": "TCA",
    "continent": "North America"
  },
  {
    "name": "United States Minor Outlying Islands",
    "code": "UMI",
    "continent": "North America"
  },
  {
    "name": "United States of America",
    "code": "USA",
    "continent": "North America"
  },
  {
    "name": "United States Virgin Islands",
    "code": "VIR",
    "continent": "North America"
  },
  {
    "name": "US Naval Base Guantanamo Bay",
    "code": "USG",
    "continent": "North America"
  },
  { "name": "Argentina", "code": "ARG", "continent": "South America" },
  { "name": "Bolivia", "code": "BOL", "continent": "South America" },
  { "name": "Brazil", "code": "BRA", "continent": "South America" },
  { "name": "Chile", "code": "CHL", "continent": "South America" },
  { "name": "Colombia", "code": "COL", "continent": "South America" },
  { "name": "Ecuador", "code": "ECU", "continent": "South America" },
  { "name": "Falkland Islands", "code": "FLK", "continent": "South America" },
  { "name": "Guyana", "code": "GUY", "continent": "South America" },
  { "name": "Paraguay", "code": "PRY", "continent": "South America" },
  { "name": "Peru", "code": "PER", "continent": "South America" },
  { "name": "Suriname", "code": "SUR", "continent": "South America" },
  { "name": "Uruguay", "code": "URY", "continent": "South America" },
  { "name": "Venezuela", "code": "VEN", "continent": "South America" },
  { "name": "Algeria", "code": "DZA", "continent": "Africa" },
  { "name": "Angola", "code": "AGO", "continent": "Africa" },
  { "name": "Benin", "code": "BEN", "continent": "Africa" },
  { "name": "Botswana", "code": "BWA", "continent": "Africa" },
  { "name": "Burkina Faso", "code": "BFA", "continent": "Africa" },
  { "name": "Burundi", "code": "BDI", "continent": "Africa" },
  { "name": "Cabo Verde", "code": "CPV", "continent": "Africa" },
  { "name": "Cameroon", "code": "CMR", "continent": "Africa" },
  { "name": "Central African Republic", "code": "CAF", "continent": "Africa" },
  { "name": "Chad", "code": "TCD", "continent": "Africa" },
  { "name": "Comoros", "code": "COM", "continent": "Africa" },
  {
    "name": "Democratic Republic of the Congo",
    "code": "COD",
    "continent": "Africa"
  },
  { "name": "Djibouti", "code": "DJI", "continent": "Africa" },
  { "name": "Egypt", "code": "EGY", "continent": "Africa" },
  { "name": "Equatorial Guinea", "code": "GNQ", "continent": "Africa" },
  { "name": "Eritrea", "code": "ERI", "continent": "Africa" },
  { "name": "eSwatini", "code": "SWZ", "continent": "Africa" },
  { "name": "Ethiopia", "code": "ETH", "continent": "Africa" },
  { "name": "Gabon", "code": "GAB", "continent": "Africa" },
  { "name": "Gambia", "code": "GMB", "continent": "Africa" },
  { "name": "Ghana", "code": "GHA", "continent": "Africa" },
  { "name": "Guinea", "code": "GIN", "continent": "Africa" },
  { "name": "Guinea-Bissau", "code": "GNB", "continent": "Africa" },
  { "name": "Ivory Coast", "code": "CIV", "continent": "Africa" },
  { "name": "Kenya", "code": "KEN", "continent": "Africa" },
  { "name": "Lesotho", "code": "LSO", "continent": "Africa" },
  { "name": "Liberia", "code": "LBR", "continent": "Africa" },
  { "name": "Libya", "code": "LBY", "continent": "Africa" },
  { "name": "Madagascar", "code": "MDG", "continent": "Africa" },
  { "name": "Malawi", "code": "MWI", "continent": "Africa" },
  { "name": "Mali", "code": "MLI", "continent": "Africa" },
  { "name": "Mauritania", "code": "MRT", "continent": "Africa" },
  { "name": "Morocco", "code": "MAR", "continent": "Africa" },
  { "name": "Mozambique", "code": "MOZ", "continent": "Africa" },
  { "name": "Namibia", "code": "NAM", "continent": "Africa" },
  { "name": "Niger", "code": "NER", "continent": "Africa" },
  { "name": "Nigeria", "code": "NGA", "continent": "Africa" },
  { "name": "Republic of the Congo", "code": "COG", "continent": "Africa" },
  { "name": "Rwanda", "code": "RWA", "continent": "Africa" },
  { "name": "São Tomé and Principe", "code": "STP", "continent": "Africa" },
  { "name": "Senegal", "code": "SEN", "continent": "Africa" },
  { "name": "Sierra Leone", "code": "SLE", "continent": "Africa" },
  { "name": "Somalia", "code": "SOM", "continent": "Africa" },
  { "name": "Somaliland", "code": "SOL", "continent": "Africa" },
  { "name": "South Africa", "code": "ZAF", "continent": "Africa" },
  { "name": "South Sudan", "code": "SDS", "continent": "Africa" },
  { "name": "Sudan", "code": "SDN", "continent": "Africa" },
  { "name": "Togo", "code": "TGO", "continent": "Africa" },
  { "name": "Tunisia", "code": "TUN", "continent": "Africa" },
  { "name": "Uganda", "code": "UGA", "continent": "Africa" },
  {
    "name": "United Republic of Tanzania",
    "code": "TZA",
    "continent": "Africa"
  },
  { "name": "Western Sahara", "code": "SAH", "continent": "Africa" },
  { "name": "Zambia", "code": "ZMB", "continent": "Africa" },
  { "name": "Zimbabwe", "code": "ZWE", "continent": "Africa" },
  {
    "name": "Ashmore and Cartier Islands",
    "code": "ATC",
    "continent": "Oceania"
  },
  { "name": "Australia", "code": "AUS", "continent": "Oceania" },
  { "name": "Cook Islands", "code": "COK", "continent": "Oceania" },
  {
    "name": "Federated States of Micronesia",
    "code": "FSM",
    "continent": "Oceania"
  },
  { "name": "Fiji", "code": "FJI", "continent": "Oceania" },
  { "name": "French Polynesia", "code": "PYF", "continent": "Oceania" },
  { "name": "Kiribati", "code": "KIR", "continent": "Oceania" },
  { "name": "Marshall Islands", "code": "MHL", "continent": "Oceania" },
  { "name": "Nauru", "code": "NRU", "continent": "Oceania" },
  { "name": "New Caledonia", "code": "NCL", "continent": "Oceania" },
  { "name": "New Zealand", "code": "NZL", "continent": "Oceania" },
  { "name": "Norfolk Island", "code": "NFK", "continent": "Oceania" },
  { "name": "Northern Mariana Islands", "code": "MNP", "continent": "Oceania" },
  { "name": "Palau", "code": "PLW", "continent": "Oceania" },
  { "name": "Papua New Guinea", "code": "PNG", "continent": "Oceania" },
  { "name": "Pitcairn Islands", "code": "PCN", "continent": "Oceania" },
  { "name": "Samoa", "code": "WSM", "continent": "Oceania" },
  {
    "name": "Seychelles",
    "code": "SYC",
    "continent": "Seven seas (open ocean)"
  },
  { "name": "Solomon Islands", "code": "SLB", "continent": "Oceania" },
  {
    "name": "South Georgia and the Islands",
    "code": "SGS",
    "continent": "Seven seas (open ocean)"
  },
  { "name": "Tonga", "code": "TON", "continent": "Oceania" },
  { "name": "Tuvalu", "code": "TUV", "continent": "Oceania" },
  { "name": "Vanuatu", "code": "VUT", "continent": "Oceania" },
  { "name": "Wallis and Futuna", "code": "WLF", "continent": "Oceania" }
]
